De Kommunale Nøgletal;;;;;;
;;;;;;
;Kom.nr;2019;2020;2021;2022;2023
;;;;;;
Langfristet gæld ultimo året pr. indb.;;;;;;
Københavns Kommune;101;5.522;4.339;4.151;4.011;M
Frederiksberg Kommune;147;16.359;17.427;18.996;20.236;M
Ballerup Kommune;151;13.617;15.887;15.847;15.310;M
Brøndby Kommune;153;5.098;6.181;8.511;7.814;M
Dragør Kommune;155;17.548;21.447;20.761;19.286;M
Gentofte Kommune;157;21.330;25.456;26.318;26.762;M
Gladsaxe Kommune;159;19.211;21.221;17.900;16.166;M
Glostrup Kommune;161;9.857;12.655;14.047;13.733;M
Herlev Kommune;163;11.554;13.687;14.008;13.793;M
Albertslund Kommune;165;27.110;30.229;31.258;31.453;M
Hvidovre Kommune;167;9.622;12.156;12.131;12.339;M
Høje-Taastrup Kommune;169;14.035;15.578;11.543;10.814;M
Lyngby-Taarbæk Kommune;173;9.491;10.714;10.174;9.975;M
Rødovre Kommune;175;16.139;20.725;23.390;22.158;M
Ishøj Kommune;183;27.344;29.041;26.015;19.842;M
Tårnby Kommune;185;1.092;3.042;U;U;M
Vallensbæk Kommune;187;24.223;26.010;26.382;24.565;M
Furesø Kommune;190;62.485;64.131;61.554;58.870;M
Allerød Kommune;201;10.834;13.651;13.368;14.983;M
Fredensborg Kommune;210;10.891;11.369;9.907;8.289;M
Helsingør Kommune;217;10.109;11.393;10.268;10.233;M
Hillerød Kommune;219;12.066;14.716;14.457;12.781;M
Hørsholm Kommune;223;11.113;18.294;15.919;16.984;M
Rudersdal Kommune;230;17.693;20.209;23.906;24.497;M
Egedal Kommune;240;24.576;26.014;12.856;13.246;M
Frederikssund Kommune;250;18.794;19.761;16.998;16.185;M
Halsnæs Kommune;260;26.235;28.605;29.447;28.770;M
Gribskov Kommune;270;17.913;20.498;19.567;18.613;M
Bornholms Kommune;400;16.069;18.787;18.370;18.113;M
Greve Kommune;253;15.475;15.708;14.779;13.906;M
Køge Kommune;259;17.947;19.729;20.472;19.930;M
Roskilde Kommune;265;14.510;18.865;19.090;18.770;M
Solrød Kommune;269;14.585;15.563;14.496;13.469;M
Odsherred Kommune;306;18.413;20.731;20.902;20.606;M
Holbæk Kommune;316;19.841;21.041;19.492;18.946;M
Faxe Kommune;320;11.526;12.521;11.859;11.134;M
Kalundborg Kommune;326;9.465;7.463;6.424;5.365;M
Ringsted Kommune;329;12.607;14.838;15.195;14.084;M
Slagelse Kommune;330;17.236;20.447;18.543;18.362;M
Stevns Kommune;336;13.873;14.700;13.413;12.670;M
Sorø Kommune;340;25.714;26.198;23.862;22.345;M
Lejre Kommune;350;17.689;21.277;18.233;20.459;M
Lolland Kommune;360;27.984;30.935;30.919;28.945;M
Næstved Kommune;370;19.401;20.613;17.734;16.010;M
Guldborgsund Kommune;376;26.601;27.842;26.316;25.154;M
Vordingborg Kommune;390;21.749;24.998;24.167;24.134;M
Middelfart Kommune;410;13.577;15.922;15.805;14.342;M
Assens Kommune;420;22.004;19.845;18.252;17.500;M
Faaborg-Midtfyn Kommune;430;10.275;11.805;11.012;10.921;M
Kerteminde Kommune;440;22.933;23.733;21.507;20.830;M
Nyborg Kommune;450;1.672;641;586;534;M
Odense Kommune;461;8.500;10.126;9.705;9.427;M
Svendborg Kommune;479;23.001;25.032;25.510;24.508;M
Nordfyns Kommune;480;7.087;8.550;7.604;6.743;M
Langeland Kommune;482;19.276;20.710;19.184;17.949;M
Ærø Kommune;492;47.264;52.100;56.374;55.051;M
Haderslev Kommune;510;14.899;17.571;17.361;15.875;M
Billund Kommune;530;5.060;7.020;3.949;3.699;M
Sønderborg Kommune;540;18.336;20.149;19.876;21.745;M
Tønder Kommune;550;13.421;15.375;15.123;14.854;M
Esbjerg Kommune;561;14.946;18.307;18.816;19.169;M
Fanø Kommune;563;15.212;20.985;22.002;22.976;M
Varde Kommune;573;15.873;17.525;17.934;18.859;M
Vejen Kommune;575;12.701;15.273;15.177;15.188;M
Aabenraa Kommune;580;14.524;16.633;15.601;14.855;M
Fredericia Kommune;607;21.054;28.516;30.069;28.140;M
Kolding Kommune;621;15.172;19.353;18.343;17.432;M
Vejle Kommune;630;14.216;15.578;14.162;13.740;M
Horsens Kommune;615;16.491;16.595;15.970;15.116;M
Herning Kommune;657;11.008;13.879;13.385;13.391;M
Holstebro Kommune;661;15.239;18.009;17.475;18.344;M
Lemvig Kommune;665;19.805;21.564;18.342;19.340;M
Struer Kommune;671;22.811;24.994;24.128;24.242;M
Syddjurs Kommune;706;14.847;17.566;18.114;19.630;M
Norddjurs Kommune;707;26.201;25.346;22.977;19.670;M
Favrskov Kommune;710;13.910;13.853;13.235;10.657;M
Odder Kommune;727;17.578;18.229;17.427;17.669;M
Randers Kommune;730;17.712;19.544;18.270;17.726;M
Silkeborg Kommune;740;9.638;11.146;12.202;11.930;M
Samsø Kommune;741;111.599;121.570;122.342;119.659;M
Skanderborg Kommune;746;12.139;16.146;15.336;15.373;M
Aarhus Kommune;751;20.183;17.255;19.375;18.922;M
Ikast-Brande Kommune;756;12.217;18.581;17.411;16.449;M
Ringkøbing-Skjern Kommune;760;17.044;19.557;19.233;20.140;M
Hedensted Kommune;766;10.954;14.047;12.728;12.118;M
Skive Kommune;779;19.886;18.876;18.695;17.617;M
Viborg Kommune;791;12.840;14.450;13.669;10.300;M
Morsø Kommune;773;19.785;21.770;25.580;25.171;M
Thisted Kommune;787;16.561;18.955;18.705;18.920;M
Brønderslev Kommune;810;17.832;19.011;19.451;19.012;M
Frederikshavn Kommune;813;20.521;21.326;20.648;18.148;M
Vesthimmerlands Kommune;820;24.715;25.543;26.057;24.057;M
Læsø Kommune;825;44.895;74.341;68.639;66.288;M
Rebild Kommune;840;11.342;15.502;14.975;13.732;M
Mariagerfjord Kommune;846;23.168;23.252;22.305;19.702;M
Jammerbugt Kommune;849;23.395;24.522;25.389;24.778;M
Aalborg Kommune;851;9.286;12.090;13.144;13.193;M
Hjørring Kommune;860;24.354;25.688;23.248;23.297;M
Gennemsnit;;15.134;16.519;16.228;15.716;M
;;;;;;
Langfristet gæld ekskl. ældrebol. ult. året pr. indb.;;;;;;
Københavns Kommune;101;5.201;4.033;3.865;3.737;M
Frederiksberg Kommune;147;13.127;14.421;16.144;17.553;M
Ballerup Kommune;151;12.782;15.114;15.123;14.643;M
Brøndby Kommune;153;0;1.425;4.160;3.953;M
Dragør Kommune;155;10.011;14.303;14.011;12.790;M
Gentofte Kommune;157;16.149;17.721;18.902;19.234;M
Gladsaxe Kommune;159;11.425;13.880;10.712;9.511;M
Glostrup Kommune;161;5.580;8.500;8.737;8.748;M
Herlev Kommune;163;11.554;13.687;14.008;13.793;M
Albertslund Kommune;165;18.199;21.600;22.746;23.589;M
Hvidovre Kommune;167;6.158;8.887;9.054;9.460;M
Høje-Taastrup Kommune;169;8.788;10.710;7.079;6.752;M
Lyngby-Taarbæk Kommune;173;3.695;6.458;6.180;6.190;M
Rødovre Kommune;175;12.568;17.397;17.086;16.327;M
Ishøj Kommune;183;17.760;20.079;17.669;12.131;M
Tårnby Kommune;185;1.092;3.042;U;U;M
Vallensbæk Kommune;187;20.689;22.702;21.493;20.141;M
Furesø Kommune;190;62.153;63.830;61.287;58.753;M
Allerød Kommune;201;9.645;12.544;12.337;13.515;M
Fredensborg Kommune;210;10.891;11.369;9.907;8.289;M
Helsingør Kommune;217;10.109;11.393;10.268;10.233;M
Hillerød Kommune;219;11.237;13.939;13.751;12.131;M
Hørsholm Kommune;223;11.113;18.294;15.919;16.984;M
Rudersdal Kommune;230;7.308;10.347;12.425;13.518;M
Egedal Kommune;240;23.285;24.825;11.778;12.277;M
Frederikssund Kommune;250;12.740;14.055;11.680;11.232;M
Halsnæs Kommune;260;20.124;22.882;24.106;23.843;M
Gribskov Kommune;270;15.695;18.429;17.664;16.873;M
Bornholms Kommune;400;8.207;11.325;11.296;11.363;M
Greve Kommune;253;10.654;11.105;10.431;9.816;M
Køge Kommune;259;14.926;16.907;16.228;15.964;M
Roskilde Kommune;265;10.560;13.086;13.603;13.609;M
Solrød Kommune;269;7.849;9.220;8.602;8.024;M
Odsherred Kommune;306;16.343;18.814;19.140;18.998;M
Holbæk Kommune;316;16.728;18.079;16.712;16.297;M
Faxe Kommune;320;8.049;9.256;8.841;8.323;M
Kalundborg Kommune;326;7.785;5.899;4.975;4.031;M
Ringsted Kommune;329;9.938;12.300;12.834;11.912;M
Slagelse Kommune;330;10.728;14.250;12.722;12.846;M
Stevns Kommune;336;9.365;10.493;9.535;9.293;M
Sorø Kommune;340;18.562;19.457;17.540;16.471;M
Lejre Kommune;350;11.299;15.282;12.693;14.036;M
Lolland Kommune;360;24.947;28.081;28.266;26.507;M
Næstved Kommune;370;12.072;13.727;11.345;10.095;M
Guldborgsund Kommune;376;23.777;25.257;23.912;22.907;M
Vordingborg Kommune;390;14.994;18.523;18.043;18.369;M
Middelfart Kommune;410;8.497;11.157;11.386;10.224;M
Assens Kommune;420;16.994;15.109;13.824;13.348;M
Faaborg-Midtfyn Kommune;430;9.797;11.362;10.606;10.552;M
Kerteminde Kommune;440;17.111;18.295;16.509;16.249;M
Nyborg Kommune;450;1.040;53;49;47;M
Odense Kommune;461;5.611;7.426;7.195;7.110;M
Svendborg Kommune;479;19.706;21.943;22.648;21.845;M
Nordfyns Kommune;480;3.414;5.079;4.378;3.165;M
Langeland Kommune;482;13.597;15.291;14.094;13.126;M
Ærø Kommune;492;45.505;50.405;54.761;53.499;M
Haderslev Kommune;510;10.939;13.797;13.807;12.537;M
Billund Kommune;530;1.108;3.269;6;21;M
Sønderborg Kommune;540;11.055;13.208;13.077;15.359;M
Tønder Kommune;550;9.125;11.319;11.282;11.224;M
Esbjerg Kommune;561;9.744;13.269;12.859;13.514;M
Fanø Kommune;563;15.212;20.985;22.002;22.976;M
Varde Kommune;573;9.772;11.704;11.871;12.233;M
Vejen Kommune;575;10.180;12.890;11.402;11.621;M
Aabenraa Kommune;580;11.356;13.672;12.880;12.469;M
Fredericia Kommune;607;15.762;23.478;24.727;23.123;M
Kolding Kommune;621;10.921;15.303;14.515;13.841;M
Vejle Kommune;630;7.867;9.640;8.671;8.627;M
Horsens Kommune;615;14.208;14.468;14.008;13.305;M
Herning Kommune;657;4.402;7.498;7.341;7.386;M
Holstebro Kommune;661;11.439;14.484;14.222;15.385;M
Lemvig Kommune;665;11.528;13.777;11.149;12.667;M
Struer Kommune;671;10.576;13.251;13.019;13.621;M
Syddjurs Kommune;706;12.578;15.449;16.168;15.465;M
Norddjurs Kommune;707;13.866;13.463;11.512;8.758;M
Favrskov Kommune;710;9.780;9.709;9.334;6.748;M
Odder Kommune;727;14.079;14.938;14.365;14.830;M
Randers Kommune;730;10.399;12.649;11.891;11.784;M
Silkeborg Kommune;740;5.402;7.134;8.515;8.501;M
Samsø Kommune;741;99.978;110.570;112.042;110.106;M
Skanderborg Kommune;746;7.481;9.929;9.529;9.909;M
Aarhus Kommune;751;14.471;10.816;12.760;12.752;M
Ikast-Brande Kommune;756;9.543;16.072;14.234;13.362;M
Ringkøbing-Skjern Kommune;760;11.151;13.949;13.957;15.199;M
Hedensted Kommune;766;10.298;13.419;12.132;11.555;M
Skive Kommune;779;12.022;11.388;11.606;10.979;M
Viborg Kommune;791;9.383;11.171;10.650;7.549;M
Morsø Kommune;773;13.709;16.043;16.635;16.703;M
Thisted Kommune;787;9.064;11.861;12.041;12.739;M
Brønderslev Kommune;810;16.421;17.674;18.195;17.842;M
Frederikshavn Kommune;813;19.758;20.602;19.971;17.517;M
Vesthimmerlands Kommune;820;16.352;17.557;18.543;17.016;M
Læsø Kommune;825;35.863;65.662;60.475;58.598;M
Rebild Kommune;840;8.356;12.727;12.211;11.648;M
Mariagerfjord Kommune;846;15.669;16.139;15.614;13.456;M
Jammerbugt Kommune;849;16.668;18.094;19.354;19.101;M
Aalborg Kommune;851;7.338;10.266;11.440;11.469;M
Hjørring Kommune;860;18.806;20.424;18.341;18.374;M
Gennemsnit;;11.170;12.635;12.384;12.071;M
;;;;;;
Langfristet gæld ekskl. feriepenge ult. året pr. indb.;;;;;;
Københavns Kommune;101;4.553;4.339;4.151;4.008;M
Frederiksberg Kommune;147;15.430;14.522;16.161;17.795;M
Ballerup Kommune;151;12.337;11.884;11.480;11.030;M
Brøndby Kommune;153;5.098;4.756;4.351;3.861;M
Dragør Kommune;155;16.627;18.903;17.964;17.152;M
Gentofte Kommune;157;22.465;25.116;25.944;26.419;M
Gladsaxe Kommune;159;18.014;17.630;17.491;15.852;M
Glostrup Kommune;161;8.553;8.683;10.647;10.396;M
Herlev Kommune;163;10.413;10.763;11.712;11.861;M
Albertslund Kommune;165;25.746;26.148;27.384;27.591;M
Hvidovre Kommune;167;8.406;8.788;8.905;9.053;M
Høje-Taastrup Kommune;169;12.606;12.188;11.543;10.814;M
Lyngby-Taarbæk Kommune;173;8.475;7.488;7.082;6.971;M
Rødovre Kommune;175;14.966;17.033;20.274;19.193;M
Ishøj Kommune;183;26.050;23.777;22.054;19.803;M
Tårnby Kommune;185;-;-;-;-;M
Vallensbæk Kommune;187;23.201;22.949;23.342;21.580;M
Furesø Kommune;190;61.488;61.092;58.892;56.392;M
Allerød Kommune;201;9.757;10.442;10.219;11.825;M
Fredensborg Kommune;210;9.924;8.424;7.021;5.478;M
Helsingør Kommune;217;9.130;8.348;8.026;8.386;M
Hillerød Kommune;219;10.982;11.333;11.288;9.662;M
Hørsholm Kommune;223;10.232;15.563;13.268;14.365;M
Rudersdal Kommune;230;16.610;17.012;20.711;21.484;M
Egedal Kommune;240;23.514;22.883;12.889;13.246;M
Frederikssund Kommune;250;17.786;16.655;13.984;13.168;M
Halsnæs Kommune;260;25.229;25.479;26.283;25.621;M
Gribskov Kommune;270;17.913;18.127;17.191;16.662;M
Bornholms Kommune;400;14.842;15.178;14.857;14.717;M
Greve Kommune;253;14.658;14.505;13.648;12.818;M
Køge Kommune;259;16.943;16.893;17.999;17.782;M
Roskilde Kommune;265;13.461;15.851;15.821;15.673;M
Solrød Kommune;269;13.709;12.780;11.797;10.742;M
Odsherred Kommune;306;17.438;17.993;17.890;17.649;M
Holbæk Kommune;316;18.947;18.263;16.804;16.353;M
Faxe Kommune;320;10.552;9.937;9.065;8.395;M
Kalundborg Kommune;326;8.489;7.463;6.424;5.365;M
Ringsted Kommune;329;11.530;11.692;12.095;11.059;M
Slagelse Kommune;330;16.089;16.842;15.444;15.431;M
Stevns Kommune;336;13.006;12.293;11.107;10.082;M
Sorø Kommune;340;24.680;23.032;21.274;19.712;M
Lejre Kommune;350;16.690;19.396;18.208;20.459;M
Lolland Kommune;360;26.683;27.451;27.962;25.939;M
Næstved Kommune;370;18.411;17.475;15.369;13.782;M
Guldborgsund Kommune;376;25.560;24.550;23.140;22.017;M
Vordingborg Kommune;390;20.659;21.496;20.750;20.706;M
Middelfart Kommune;410;12.494;13.137;13.156;12.218;M
Assens Kommune;420;21.111;19.845;18.252;17.500;M
Faaborg-Midtfyn Kommune;430;9.361;9.045;8.624;8.502;M
Kerteminde Kommune;440;21.856;20.705;19.969;20.830;M
Nyborg Kommune;450;692;641;586;534;M
Odense Kommune;461;7.584;7.223;7.283;7.082;M
Svendborg Kommune;479;21.962;21.783;22.349;21.684;M
Nordfyns Kommune;480;6.167;5.647;5.045;5.049;M
Langeland Kommune;482;18.121;16.911;15.494;14.195;M
Ærø Kommune;492;45.851;47.728;52.009;51.213;M
Haderslev Kommune;510;13.903;14.447;14.274;13.169;M
Billund Kommune;530;3.964;3.759;3.949;3.699;M
Sønderborg Kommune;540;18.336;17.166;17.061;19.146;M
Tønder Kommune;550;12.282;12.341;12.157;12.043;M
Esbjerg Kommune;561;13.801;14.821;15.511;16.014;M
Fanø Kommune;563;15.212;18.269;19.411;19.928;M
Varde Kommune;573;14.832;14.390;14.969;15.913;M
Vejen Kommune;575;11.732;12.284;13.315;13.364;M
Aabenraa Kommune;580;13.397;13.448;13.261;12.745;M
Fredericia Kommune;607;19.957;25.359;26.687;24.893;M
Kolding Kommune;621;14.165;15.271;15.405;14.415;M
Vejle Kommune;630;13.168;12.349;11.405;10.998;M
Horsens Kommune;615;13.999;13.576;13.073;12.252;M
Herning Kommune;657;10.086;11.025;10.593;10.593;M
Holstebro Kommune;661;14.231;14.948;14.429;15.347;M
Lemvig Kommune;665;18.615;18.354;18.342;19.340;M
Struer Kommune;671;21.696;22.101;21.336;20.936;M
Syddjurs Kommune;706;13.755;14.797;15.003;16.574;M
Norddjurs Kommune;707;25.026;22.178;19.790;17.215;M
Favrskov Kommune;710;12.935;12.356;11.722;10.657;M
Odder Kommune;727;16.600;15.712;15.144;15.681;M
Randers Kommune;730;16.682;16.253;15.710;15.269;M
Silkeborg Kommune;740;8.553;7.584;9.143;8.979;M
Samsø Kommune;741;111.599;117.600;117.833;115.287;M
Skanderborg Kommune;746;10.889;12.514;11.907;12.029;M
Aarhus Kommune;751;19.193;14.587;16.717;16.149;M
Ikast-Brande Kommune;756;11.241;15.535;14.993;14.342;M
Ringkøbing-Skjern Kommune;760;16.025;16.856;16.482;17.462;M
Hedensted Kommune;766;9.939;11.076;9.896;9.408;M
Skive Kommune;779;18.748;17.727;17.038;15.927;M
Viborg Kommune;791;11.802;11.379;10.670;10.300;M
Morsø Kommune;773;18.669;18.655;22.979;22.771;M
Thisted Kommune;787;15.351;15.376;15.176;15.331;M
Brønderslev Kommune;810;16.738;15.797;16.273;15.821;M
Frederikshavn Kommune;813;19.408;18.032;17.451;15.054;M
Vesthimmerlands Kommune;820;23.603;23.126;22.539;21.488;M
Læsø Kommune;825;43.446;69.249;63.864;61.499;M
Rebild Kommune;840;10.361;12.507;11.936;10.672;M
Mariagerfjord Kommune;846;22.082;22.002;20.916;18.683;M
Jammerbugt Kommune;849;22.346;22.551;22.802;22.149;M
Aalborg Kommune;851;8.233;9.133;10.347;10.573;M
Hjørring Kommune;860;23.267;22.417;21.829;21.870;M
Gennemsnit;;14.128;13.917;13.822;13.488;M
;;;;;;
Langfr. gæld ex. ældrebol./feriep. ult. året pr. indb.;;;;;;
Københavns Kommune;101;4.232;4.033;3.865;3.734;M
Frederiksberg Kommune;147;12.199;11.516;13.308;15.112;M
Ballerup Kommune;151;11.502;11.111;10.756;10.364;M
Brøndby Kommune;153;0;0;-;-;M
Dragør Kommune;155;9.090;11.759;11.214;10.656;M
Gentofte Kommune;157;17.285;17.381;18.529;18.891;M
Gladsaxe Kommune;159;10.229;10.288;10.304;9.197;M
Glostrup Kommune;161;4.276;4.528;5.336;5.411;M
Herlev Kommune;163;10.413;10.763;11.712;11.861;M
Albertslund Kommune;165;16.835;17.518;18.872;19.727;M
Hvidovre Kommune;167;4.941;5.519;5.828;6.175;M
Høje-Taastrup Kommune;169;7.360;7.321;7.079;6.752;M
Lyngby-Taarbæk Kommune;173;2.679;3.232;3.089;3.185;M
Rødovre Kommune;175;11.395;13.705;13.970;13.362;M
Ishøj Kommune;183;16.465;14.816;13.709;12.093;M
Tårnby Kommune;185;-;-;-;-;M
Vallensbæk Kommune;187;19.667;19.641;18.453;17.157;M
Furesø Kommune;190;61.155;60.791;58.626;56.275;M
Allerød Kommune;201;8.568;9.335;9.188;10.357;M
Fredensborg Kommune;210;9.924;8.424;7.021;5.478;M
Helsingør Kommune;217;9.130;8.348;8.026;8.386;M
Hillerød Kommune;219;10.154;10.556;10.582;9.013;M
Hørsholm Kommune;223;10.232;15.563;13.268;14.365;M
Rudersdal Kommune;230;6.224;7.150;9.230;10.506;M
Egedal Kommune;240;22.223;21.694;11.811;12.277;M
Frederikssund Kommune;250;11.732;10.949;8.665;8.216;M
Halsnæs Kommune;260;19.119;19.756;20.942;20.694;M
Gribskov Kommune;270;15.695;16.058;15.288;14.921;M
Bornholms Kommune;400;6.980;7.716;7.783;7.967;M
Greve Kommune;253;9.838;9.902;9.300;8.727;M
Køge Kommune;259;13.922;14.071;13.755;13.816;M
Roskilde Kommune;265;9.511;10.072;10.334;10.512;M
Solrød Kommune;269;6.973;6.438;5.903;5.297;M
Odsherred Kommune;306;15.369;16.076;16.129;16.042;M
Holbæk Kommune;316;15.835;15.301;14.024;13.705;M
Faxe Kommune;320;7.074;6.672;6.047;5.584;M
Kalundborg Kommune;326;6.810;5.899;4.975;4.031;M
Ringsted Kommune;329;8.861;9.155;9.734;8.887;M
Slagelse Kommune;330;9.581;10.645;9.623;9.916;M
Stevns Kommune;336;8.498;8.085;7.230;6.705;M
Sorø Kommune;340;17.527;16.290;14.953;13.839;M
Lejre Kommune;350;10.299;13.401;12.669;14.036;M
Lolland Kommune;360;23.646;24.597;25.308;23.501;M
Næstved Kommune;370;11.082;10.589;8.980;7.867;M
Guldborgsund Kommune;376;22.736;21.964;20.736;19.770;M
Vordingborg Kommune;390;13.903;15.021;14.627;14.941;M
Middelfart Kommune;410;7.414;8.372;8.737;8.100;M
Assens Kommune;420;16.100;15.109;13.824;13.348;M
Faaborg-Midtfyn Kommune;430;8.883;8.602;8.218;8.133;M
Kerteminde Kommune;440;16.034;15.268;14.971;16.249;M
Nyborg Kommune;450;60;53;49;47;M
Odense Kommune;461;4.695;4.522;4.773;4.765;M
Svendborg Kommune;479;18.667;18.694;19.487;19.021;M
Nordfyns Kommune;480;2.494;2.176;1.819;1.471;M
Langeland Kommune;482;12.441;11.492;10.404;9.372;M
Ærø Kommune;492;44.092;46.033;50.397;49.660;M
Haderslev Kommune;510;9.943;10.673;10.720;9.831;M
Billund Kommune;530;12;8;6;21;M
Sønderborg Kommune;540;11.055;10.225;10.262;12.759;M
Tønder Kommune;550;7.985;8.284;8.316;8.413;M
Esbjerg Kommune;561;8.599;9.782;9.555;10.359;M
Fanø Kommune;563;15.212;18.269;19.411;19.928;M
Varde Kommune;573;8.731;8.569;8.905;9.287;M
Vejen Kommune;575;9.211;9.900;9.540;9.797;M
Aabenraa Kommune;580;10.229;10.487;10.539;10.358;M
Fredericia Kommune;607;14.666;20.321;21.345;19.876;M
Kolding Kommune;621;9.914;11.220;11.577;10.824;M
Vejle Kommune;630;6.819;6.411;5.914;5.885;M
Horsens Kommune;615;11.716;11.449;11.111;10.440;M
Herning Kommune;657;3.480;4.643;4.549;4.588;M
Holstebro Kommune;661;10.431;11.423;11.176;12.387;M
Lemvig Kommune;665;10.338;10.567;11.149;12.667;M
Struer Kommune;671;9.462;10.358;10.227;10.315;M
Syddjurs Kommune;706;11.486;12.681;13.057;12.408;M
Norddjurs Kommune;707;12.690;10.294;8.325;6.303;M
Favrskov Kommune;710;8.804;8.212;7.821;6.748;M
Odder Kommune;727;13.101;12.421;12.082;12.843;M
Randers Kommune;730;9.369;9.359;9.331;9.327;M
Silkeborg Kommune;740;4.318;3.572;5.456;5.550;M
Samsø Kommune;741;99.978;106.601;107.533;105.734;M
Skanderborg Kommune;746;6.231;6.296;6.100;6.565;M
Aarhus Kommune;751;13.481;8.148;10.102;9.978;M
Ikast-Brande Kommune;756;8.567;13.025;11.816;11.256;M
Ringkøbing-Skjern Kommune;760;10.132;11.247;11.205;12.520;M
Hedensted Kommune;766;9.284;10.449;9.300;8.846;M
Skive Kommune;779;10.884;10.239;9.949;9.288;M
Viborg Kommune;791;8.344;8.100;7.651;7.549;M
Morsø Kommune;773;12.592;12.928;14.035;14.304;M
Thisted Kommune;787;7.853;8.282;8.513;9.150;M
Brønderslev Kommune;810;15.328;14.461;15.017;14.651;M
Frederikshavn Kommune;813;18.645;17.308;16.775;14.424;M
Vesthimmerlands Kommune;820;15.241;15.139;15.024;14.447;M
Læsø Kommune;825;34.414;60.570;55.700;53.808;M
Rebild Kommune;840;7.374;9.731;9.172;8.587;M
Mariagerfjord Kommune;846;14.582;14.889;14.225;12.438;M
Jammerbugt Kommune;849;15.619;16.123;16.767;16.472;M
Aalborg Kommune;851;6.284;7.309;8.643;8.848;M
Hjørring Kommune;860;17.718;17.153;16.922;16.946;M
Gennemsnit;;10.163;10.033;10.006;9.869;M
;;;;;;
Likvide aktiver ultimo året pr. indb.;;;;;;
Københavns Kommune;101;17.544;22.084;22.044;17.960;M
Frederiksberg Kommune;147;7.575;9.267;8.370;6.728;M
Ballerup Kommune;151;10.184;9.481;10.502;9.718;M
Brøndby Kommune;153;13.726;12.067;13.957;11.409;M
Dragør Kommune;155;4.370;7.551;6.289;4.314;M
Gentofte Kommune;157;3.645;4.083;4.880;5.045;M
Gladsaxe Kommune;159;21.564;22.358;18.616;17.129;M
Glostrup Kommune;161;3.238;4.662;3.176;3.097;M
Herlev Kommune;163;-1.886;1.173;1.435;-2.745;M
Albertslund Kommune;165;2.371;884;1.554;-436;M
Hvidovre Kommune;167;6.572;10.097;9.653;5.297;M
Høje-Taastrup Kommune;169;6.946;5.806;-1.404;-655;M
Lyngby-Taarbæk Kommune;173;10.024;9.440;7.539;661;M
Rødovre Kommune;175;-2.088;2.121;1.200;-780;M
Ishøj Kommune;183;8.874;11.189;10.202;8.103;M
Tårnby Kommune;185;15.840;14.579;11.694;6.417;M
Vallensbæk Kommune;187;6.991;11.132;10.303;7.010;M
Furesø Kommune;190;262;2.391;2.387;-910;M
Allerød Kommune;201;-2.138;-2.901;-1.784;-3.337;M
Fredensborg Kommune;210;1.302;1.891;3.075;-205;M
Helsingør Kommune;217;-1.388;-716;-1.223;-1.450;M
Hillerød Kommune;219;1.658;3.720;5.700;3.855;M
Hørsholm Kommune;223;-1.060;560;4.376;1.372;M
Rudersdal Kommune;230;-3.179;-336;1.076;-1.605;M
Egedal Kommune;240;9.662;13.043;5.623;6.075;M
Frederikssund Kommune;250;168;3.402;2.813;2.012;M
Halsnæs Kommune;260;2.970;4.039;3.209;489;M
Gribskov Kommune;270;-767;964;4.231;-1.128;M
Bornholms Kommune;400;1.204;3.590;2.773;-49;M
Greve Kommune;253;4.440;6.640;6.324;3.989;M
Køge Kommune;259;1.491;3.291;3.255;2.666;M
Roskilde Kommune;265;-2.101;1.329;-11;-602;M
Solrød Kommune;269;10.126;13.590;12.101;8.319;M
Odsherred Kommune;306;-2.382;4.826;-1.221;3.321;M
Holbæk Kommune;316;-67;1.367;1.833;2.602;M
Faxe Kommune;320;487;1.192;1.653;-1.340;M
Kalundborg Kommune;326;4.301;4.297;2.143;172;M
Ringsted Kommune;329;6.288;6.502;5.387;6.206;M
Slagelse Kommune;330;1.386;1.559;-695;-3.053;M
Stevns Kommune;336;4.274;3.546;1.806;811;M
Sorø Kommune;340;-341;1.743;1.239;1.564;M
Lejre Kommune;350;1.062;3.032;3.356;2.617;M
Lolland Kommune;360;-500;-1.699;-2.279;-368;M
Næstved Kommune;370;2.944;4.306;3.730;3.829;M
Guldborgsund Kommune;376;8.642;10.144;10.307;4.828;M
Vordingborg Kommune;390;609;3.462;-1.917;144;M
Middelfart Kommune;410;1.386;3.491;5.078;4.648;M
Assens Kommune;420;8.143;11.604;8.783;7.361;M
Faaborg-Midtfyn Kommune;430;3.455;4.001;4.318;2.213;M
Kerteminde Kommune;440;2.745;2.082;2.631;436;M
Nyborg Kommune;450;7.925;10.167;9.765;8.014;M
Odense Kommune;461;4.037;6.311;9.066;8.867;M
Svendborg Kommune;479;-228;693;417;-302;M
Nordfyns Kommune;480;1.170;1.550;1.844;1.144;M
Langeland Kommune;482;3.264;3.965;-1.768;1.477;M
Ærø Kommune;492;8.947;14.914;21.281;19.562;M
Haderslev Kommune;510;2.945;4.726;7.132;5.116;M
Billund Kommune;530;14.626;11.293;10.727;7.441;M
Sønderborg Kommune;540;3.547;5.157;2.888;3.416;M
Tønder Kommune;550;2.536;2.437;3.149;3.063;M
Esbjerg Kommune;561;6.140;6.372;6.976;4.447;M
Fanø Kommune;563;-4.120;-1.228;-674;-1.008;M
Varde Kommune;573;1.577;2.946;3.284;4.426;M
Vejen Kommune;575;2.207;4.433;2.780;1.297;M
Aabenraa Kommune;580;3.741;3.555;4.664;4.131;M
Fredericia Kommune;607;3.239;4.499;5.522;3.568;M
Kolding Kommune;621;-1.228;2.712;6.138;5.311;M
Vejle Kommune;630;7.274;8.190;7.263;3.153;M
Horsens Kommune;615;1.681;999;-29;-193;M
Herning Kommune;657;9.417;10.670;7.458;9.642;M
Holstebro Kommune;661;-1.547;2.238;4.981;1.187;M
Lemvig Kommune;665;4.644;7.043;3.532;3.554;M
Struer Kommune;671;5.033;4.540;6.772;3.052;M
Syddjurs Kommune;706;-2.328;1.703;3.824;966;M
Norddjurs Kommune;707;1.822;5.814;5.761;4.025;M
Favrskov Kommune;710;6.452;7.436;7.953;4.246;M
Odder Kommune;727;647;1.563;1.495;-1.818;M
Randers Kommune;730;3.306;2.743;3.548;2.496;M
Silkeborg Kommune;740;7.848;7.445;9.605;7.504;M
Samsø Kommune;741;13.950;13.472;13.872;7.786;M
Skanderborg Kommune;746;7.791;9.359;8.961;7.532;M
Aarhus Kommune;751;3.076;2.506;5.650;4.589;M
Ikast-Brande Kommune;756;-763;2.721;4.251;2.855;M
Ringkøbing-Skjern Kommune;760;2.127;1.828;1.622;589;M
Hedensted Kommune;766;-49;1.595;1.496;-1.436;M
Skive Kommune;779;5.212;6.135;5.084;7.625;M
Viborg Kommune;791;3.383;4.217;7.523;4.490;M
Morsø Kommune;773;-1.395;-1.494;3.904;1.499;M
Thisted Kommune;787;6.055;7.858;3.517;4.948;M
Brønderslev Kommune;810;3.102;7.655;5.554;6.412;M
Frederikshavn Kommune;813;166;2.273;2.725;754;M
Vesthimmerlands Kommune;820;704;1.226;1.939;5.075;M
Læsø Kommune;825;2.638;10.191;15.772;19.417;M
Rebild Kommune;840;-345;2.246;2.258;-373;M
Mariagerfjord Kommune;846;763;3.323;3.357;619;M
Jammerbugt Kommune;849;2.220;2.902;1.932;-797;M
Aalborg Kommune;851;-1.011;207;951;-1.140;M
Hjørring Kommune;860;-1.927;-315;-326;-1.348;M
Gennemsnit;;4.916;6.533;6.631;4.928;M
;;;;;;
Likviditet efter kassekreditreglen pr. indb.;;;;;;
Københavns Kommune;101;20.337;25.799;26.742;27.814;25.262
Frederiksberg Kommune;147;10.316;11.998;10.975;12.011;11.085
Ballerup Kommune;151;9.125;10.130;11.287;14.035;15.073
Brøndby Kommune;153;16.533;15.102;15.141;14.190;13.005
Dragør Kommune;155;2.046;3.178;6.268;5.660;5.390
Gentofte Kommune;157;7.125;6.298;6.144;9.706;9.373
Gladsaxe Kommune;159;19.534;22.850;22.029;20.623;18.756
Glostrup Kommune;161;8.914;7.325;8.593;8.188;7.824
Herlev Kommune;163;5.320;6.175;7.865;5.364;3.714
Albertslund Kommune;165;6.482;5.777;6.457;4.750;4.392
Hvidovre Kommune;167;10.989;11.839;12.367;9.969;9.187
Høje-Taastrup Kommune;169;11.561;12.669;8.725;4.154;4.399
Lyngby-Taarbæk Kommune;173;12.615;13.946;13.375;10.486;7.112
Rødovre Kommune;175;3.314;3.755;6.758;5.733;4.692
Ishøj Kommune;183;10.169;13.356;16.534;15.329;13.543
Tårnby Kommune;185;20.993;20.142;18.171;14.570;12.086
Vallensbæk Kommune;187;9.945;12.076;15.474;14.340;12.393
Furesø Kommune;190;6.270;6.911;8.453;6.991;4.700
Allerød Kommune;201;2.902;2.345;2.306;2.741;2.128
Fredensborg Kommune;210;5.648;6.817;8.036;6.701;5.345
Helsingør Kommune;217;2.593;2.556;4.425;3.891;3.241
Hillerød Kommune;219;5.311;4.142;7.416;8.125;6.394
Hørsholm Kommune;223;2.059;5.125;6.566;7.504;5.848
Rudersdal Kommune;230;2.879;4.812;6.243;7.263;5.242
Egedal Kommune;240;9.557;12.904;12.854;5.941;3.934
Frederikssund Kommune;250;3.746;5.923;9.293;7.970;7.122
Halsnæs Kommune;260;4.609;7.280;7.750;6.868;5.458
Gribskov Kommune;270;2.303;3.114;7.346;7.084;4.843
Bornholms Kommune;400;5.815;6.891;8.642;7.081;5.384
Greve Kommune;253;7.664;9.452;11.606;10.661;9.647
Køge Kommune;259;4.488;5.965;8.162;8.440;7.526
Roskilde Kommune;265;1.663;3.067;4.128;4.737;4.373
Solrød Kommune;269;11.770;13.990;15.820;15.732;13.050
Odsherred Kommune;306;2.332;5.004;4.441;4.037;4.163
Holbæk Kommune;316;3.301;4.792;5.632;6.653;6.768
Faxe Kommune;320;2.775;3.515;4.411;3.637;2.380
Kalundborg Kommune;326;6.851;6.958;6.155;5.408;4.090
Ringsted Kommune;329;8.922;8.294;9.770;9.466;8.184
Slagelse Kommune;330;4.636;5.580;5.013;2.692;2.225
Stevns Kommune;336;5.694;6.354;6.945;5.399;4.838
Sorø Kommune;340;3.441;4.399;5.559;5.862;5.684
Lejre Kommune;350;3.685;5.297;7.950;6.988;6.816
Lolland Kommune;360;2.275;1.556;2.778;3.415;3.579
Næstved Kommune;370;5.722;6.948;7.991;8.582;8.417
Guldborgsund Kommune;376;8.412;11.803;14.094;12.991;10.417
Vordingborg Kommune;390;3.141;3.702;4.056;2.400;1.851
Middelfart Kommune;410;3.925;4.898;7.054;8.349;7.464
Assens Kommune;420;10.359;13.155;13.141;13.030;12.249
Faaborg-Midtfyn Kommune;430;7.739;6.892;7.656;7.231;6.143
Kerteminde Kommune;440;5.225;6.974;6.408;4.272;2.588
Nyborg Kommune;450;9.192;11.575;12.047;13.288;11.642
Odense Kommune;461;7.069;8.730;11.665;13.574;13.314
Svendborg Kommune;479;2.649;3.820;3.790;4.433;3.664
Nordfyns Kommune;480;4.365;4.093;5.504;5.542;4.741
Langeland Kommune;482;6.192;2.769;1.861;1.412;918
Ærø Kommune;492;11.255;14.224;21.670;23.808;21.029
Haderslev Kommune;510;6.257;8.105;9.934;11.271;9.901
Billund Kommune;530;13.232;14.128;11.832;10.244;10.739
Sønderborg Kommune;540;6.854;8.066;8.209;7.869;8.124
Tønder Kommune;550;6.985;5.949;7.117;8.333;8.027
Esbjerg Kommune;561;9.070;9.190;9.509;10.205;9.201
Fanø Kommune;563;1.412;4.317;4.413;5.994;3.987
Varde Kommune;573;4.974;5.435;5.976;7.713;8.576
Vejen Kommune;575;5.205;6.164;6.890;5.905;4.858
Aabenraa Kommune;580;7.239;6.703;8.628;8.515;8.440
Fredericia Kommune;607;5.862;8.072;8.630;9.806;9.200
Kolding Kommune;621;2.103;5.429;8.039;10.303;9.856
Vejle Kommune;630;12.055;8.337;12.408;10.595;8.610
Horsens Kommune;615;5.228;4.879;4.438;4.401;3.680
Herning Kommune;657;8.181;8.783;10.045;10.478;9.592
Holstebro Kommune;661;1.808;2.906;5.997;7.408;5.868
Lemvig Kommune;665;6.746;8.156;9.305;5.942;6.767
Struer Kommune;671;6.006;7.190;6.287;6.452;6.072
Syddjurs Kommune;706;2.758;3.618;6.507;6.837;5.263
Norddjurs Kommune;707;4.643;8.819;11.672;11.534;10.430
Favrskov Kommune;710;8.923;9.975;10.784;10.206;8.179
Odder Kommune;727;4.001;3.772;4.648;3.948;2.282
Randers Kommune;730;2.684;4.463;6.160;6.732;6.037
Silkeborg Kommune;740;7.429;6.203;7.262;8.253;5.991
Samsø Kommune;741;13.123;13.460;16.057;14.072;11.786
Skanderborg Kommune;746;6.625;7.971;9.799;9.452;8.480
Aarhus Kommune;751;5.625;6.055;6.458;8.857;8.413
Ikast-Brande Kommune;756;2.860;5.746;6.905;8.182;6.773
Ringkøbing-Skjern Kommune;760;5.916;5.621;5.493;6.174;5.327
Hedensted Kommune;766;3.703;3.497;5.544;5.127;3.709
Skive Kommune;779;9.560;10.292;10.084;12.148;12.129
Viborg Kommune;791;4.644;4.959;8.188;9.514;7.712
Morsø Kommune;773;3.075;2.771;4.190;5.167;4.004
Thisted Kommune;787;5.634;6.214;7.699;7.286;5.918
Brønderslev Kommune;810;6.410;7.073;8.654;8.944;7.907
Frederikshavn Kommune;813;3.401;4.381;6.141;6.063;5.177
Vesthimmerlands Kommune;820;3.390;4.149;5.612;6.008;5.492
Læsø Kommune;825;1.038;8.380;19.647;22.324;21.897
Rebild Kommune;840;3.081;4.072;6.027;5.172;3.472
Mariagerfjord Kommune;846;3.942;6.025;7.936;8.393;6.192
Jammerbugt Kommune;849;5.180;5.152;5.520;4.554;3.417
Aalborg Kommune;851;2.705;2.836;3.827;3.785;2.560
Hjørring Kommune;860;2.500;3.669;6.361;4.854;4.183
Gennemsnit;;7.714;9.050;10.188;10.403;9.277
;;;;;;
Tegnforklaring:;;;;;;
-  Et 'rent' nul (afrundede nuller vises som 0 eller 0,0 osv.);;;;;;
M  Det pågældende nøgletal mangler for året.;;;;;;
U  Det pågældende nøgletal er udefineret for året.;;;;;;
Valgte kommuner:;;;;;;

I rapporten indgår de 98 kommuner fra gruppen 'Marker alle kommuner'.;;;;;;
;;;;;;
Indenrigs- og Sundhedsministeriet d. 21. november 2023;;;;;;
